{"BSV": 157.03809523809522, "BCH": 224.91, "LTC": 46.0952380952381, "DOGE": 0.0026514285714285715, "ETC": 5.8275, "ETH": 363.9546485260771, "BTC": 10518.780952380952}