{"ASM": 0.9847748623258825, "AUY": 5.632653061224489, "EGO": 9.904761904761905, "HL": 4.949789439585357, "NGD": 1.6780045351473922, "AGI": 8.681567865241332, "GSS": 4.272108843537415, "GORO": 3.368966634272756, "NG": 11.18, "GFI": 11.814007538011424, "MUX": 1.0201510687419337, "KGC": 8.704761904761906, "HMY": 5.22621747111543, "VGZ": 1.1057121261202891, "BTG": 6.438095238095237, "IAG": 3.7732426303854876, "CDE": 7.346938775510203, "SAND": 8.489795918367346, "SBSW": 10.415413330865224, "USAU": 9.502213583846236, "SPCE": 17.2, "DRD": 12.090702947845804, "GAU": 1.3424036281179137, "OR": 11.746031746031745, "PVG": 12.725623582766438, "SA": 18.4, "TSLA": 401.37}